system,node_count,scenario,seed,detection_latency_ms,recovery_time_ms,recovery_messages,total_messages,false_positive_rate
PureGossip,10,single,0,4000.0,5585.0,8,1664,0.0000
PureGossip,10,single,1,4000.0,5585.0,8,1670,0.0000
PureGossip,10,single,2,4000.0,5585.0,8,1664,0.0000
PureGossip,10,single,3,4000.0,5585.0,8,1658,0.0000
PureGossip,10,single,4,4000.0,5585.0,8,1659,0.0000
PureCAN,10,single,0,4000.0,4090.0,4,4684,0.0000
PureCAN,10,single,1,4000.0,4090.0,4,4684,0.0000
PureCAN,10,single,2,4000.0,4090.0,4,4684,0.0000
PureCAN,10,single,3,4000.0,4090.0,4,4684,0.0000
PureCAN,10,single,4,4000.0,4090.0,4,4684,0.0000
Hybrid,10,single,0,4000.0,4040.0,4,1660,0.0000
Hybrid,10,single,1,4000.0,4040.0,4,1666,0.0000
Hybrid,10,single,2,4000.0,4040.0,4,1660,0.0000
Hybrid,10,single,3,4000.0,4040.0,4,1654,0.0000
Hybrid,10,single,4,4000.0,4040.0,4,1655,0.0000
PureGossip,10,dual,0,4000.0,8500.0,14,1539,0.0000
PureGossip,10,dual,1,4000.0,7500.0,14,1550,0.0000
PureGossip,10,dual,2,4000.0,7500.0,14,1537,0.0000
PureGossip,10,dual,3,4000.0,7500.0,14,1531,0.0000
PureGossip,10,dual,4,4000.0,7500.0,14,1540,0.0000
PureCAN,10,dual,0,4000.0,6070.0,6,4110,0.0000
PureCAN,10,dual,1,4000.0,6070.0,6,4110,0.0000
PureCAN,10,dual,2,4000.0,6070.0,6,4110,0.0000
PureCAN,10,dual,3,4000.0,6070.0,6,4110,0.0000
PureCAN,10,dual,4,4000.0,6070.0,6,4110,0.0000
Hybrid,10,dual,0,4000.0,7020.0,6,1531,0.0000
Hybrid,10,dual,1,4000.0,6020.0,6,1542,0.0000
Hybrid,10,dual,2,4000.0,6020.0,6,1529,0.0000
Hybrid,10,dual,3,4000.0,6020.0,6,1523,0.0000
Hybrid,10,dual,4,4000.0,6020.0,6,1532,0.0000
PureGossip,10,cascading,0,4000.0,9403.7,18,1429,0.0000
PureGossip,10,cascading,1,4000.0,9403.7,18,1436,0.0000
PureGossip,10,cascading,2,4000.0,9403.7,18,1423,0.0000
PureGossip,10,cascading,3,4000.0,10403.7,18,1414,0.0000
PureGossip,10,cascading,4,4000.0,10403.7,18,1424,0.0000
PureCAN,10,cascading,0,4000.0,8090.0,9,3666,0.0000
PureCAN,10,cascading,1,4000.0,8090.0,9,3666,0.0000
PureCAN,10,cascading,2,4000.0,8090.0,9,3666,0.0000
PureCAN,10,cascading,3,4000.0,8090.0,9,3666,0.0000
PureCAN,10,cascading,4,4000.0,8090.0,9,3666,0.0000
Hybrid,10,cascading,0,4000.0,8030.0,9,1420,0.0000
Hybrid,10,cascading,1,4000.0,8030.0,9,1427,0.0000
Hybrid,10,cascading,2,4000.0,8030.0,9,1414,0.0000
Hybrid,10,cascading,3,4000.0,9030.0,9,1405,0.0000
Hybrid,10,cascading,4,4000.0,9030.0,9,1415,0.0000
PureGossip,25,single,0,4000.0,6292.5,23,4381,0.0000
PureGossip,25,single,1,4000.0,7292.5,23,4367,0.0000
PureGossip,25,single,2,4000.0,6292.5,23,4361,0.0000
PureGossip,25,single,3,4000.0,7292.5,23,4377,0.0000
PureGossip,25,single,4,4000.0,6292.5,23,4374,0.0000
PureCAN,25,single,0,4000.0,4150.0,3,34106,0.0000
PureCAN,25,single,1,4000.0,4150.0,3,34106,0.0000
PureCAN,25,single,2,4000.0,4150.0,3,34106,0.0000
PureCAN,25,single,3,4000.0,4150.0,3,34106,0.0000
PureCAN,25,single,4,4000.0,4150.0,3,34106,0.0000
Hybrid,25,single,0,4000.0,4030.0,3,4361,0.0000
Hybrid,25,single,1,4000.0,5030.0,3,4347,0.0000
Hybrid,25,single,2,4000.0,4030.0,3,4341,0.0000
Hybrid,25,single,3,4000.0,5030.0,3,4357,0.0000
Hybrid,25,single,4,4000.0,4030.0,3,4354,0.0000
PureGossip,25,dual,0,4000.0,8261.8,44,4266,0.0000
PureGossip,25,dual,1,4000.0,8261.8,44,4239,0.0000
PureGossip,25,dual,2,4000.0,9261.8,44,4248,0.0000
PureGossip,25,dual,3,4000.0,9261.8,44,4267,0.0000
PureGossip,25,dual,4,4000.0,9261.8,44,4260,0.0000
PureCAN,25,dual,0,4000.0,6150.0,5,32451,0.0000
PureCAN,25,dual,1,4000.0,6150.0,5,32451,0.0000
PureCAN,25,dual,2,4000.0,6150.0,5,32451,0.0000
PureCAN,25,dual,3,4000.0,6150.0,5,32451,0.0000
PureCAN,25,dual,4,4000.0,6150.0,5,32451,0.0000
Hybrid,25,dual,0,4000.0,6020.0,5,4227,0.0000
Hybrid,25,dual,1,4000.0,6020.0,5,4200,0.0000
Hybrid,25,dual,2,4000.0,7020.0,5,4209,0.0000
Hybrid,25,dual,3,4000.0,7020.0,5,4228,0.0000
Hybrid,25,dual,4,4000.0,7020.0,5,4221,0.0000
PureGossip,25,cascading,0,4000.0,10229.7,63,4162,0.0000
PureGossip,25,cascading,1,4000.0,10229.7,63,4136,0.0000
PureGossip,25,cascading,2,4000.0,10229.7,63,4151,0.0000
PureGossip,25,cascading,3,4000.0,10229.7,63,4160,0.0000
PureGossip,25,cascading,4,4000.0,11229.7,63,4155,0.0000
PureCAN,25,cascading,0,4000.0,8150.0,7,31024,0.0000
PureCAN,25,cascading,1,4000.0,8150.0,7,31024,0.0000
PureCAN,25,cascading,2,4000.0,8150.0,7,31024,0.0000
PureCAN,25,cascading,3,4000.0,8150.0,7,31024,0.0000
PureCAN,25,cascading,4,4000.0,8150.0,7,31024,0.0000
Hybrid,25,cascading,0,4000.0,8020.0,7,4106,0.0000
Hybrid,25,cascading,1,4000.0,8020.0,7,4080,0.0000
Hybrid,25,cascading,2,4000.0,8020.0,7,4095,0.0000
Hybrid,25,cascading,3,4000.0,8020.0,7,4104,0.0000
Hybrid,25,cascading,4,4000.0,9020.0,7,4099,0.0000
PureGossip,50,single,0,4000.0,7807.4,48,8828,0.0000
PureGossip,50,single,1,4000.0,7807.4,48,8825,0.0000
PureGossip,50,single,2,4000.0,7807.4,48,8832,0.0000
PureGossip,50,single,3,4000.0,7807.4,48,8830,0.0000
PureGossip,50,single,4,4000.0,7807.4,48,8813,0.0000
PureCAN,50,single,0,4000.0,4290.0,4,143084,0.0000
PureCAN,50,single,1,4000.0,4290.0,4,143084,0.0000
PureCAN,50,single,2,4000.0,4290.0,4,143084,0.0000
PureCAN,50,single,3,4000.0,4290.0,4,143084,0.0000
PureCAN,50,single,4,4000.0,4290.0,4,143084,0.0000
Hybrid,50,single,0,4000.0,5040.0,4,8784,0.0000
Hybrid,50,single,1,4000.0,5040.0,4,8781,0.0000
Hybrid,50,single,2,4000.0,5040.0,4,8788,0.0000
Hybrid,50,single,3,4000.0,5040.0,4,8786,0.0000
Hybrid,50,single,4,4000.0,5040.0,4,8769,0.0000
PureGossip,50,dual,0,4000.0,9792.5,94,8749,0.0000
PureGossip,50,dual,1,4000.0,9792.5,94,8733,0.0000
PureGossip,50,dual,2,4000.0,9792.5,94,8746,0.0000
PureGossip,50,dual,3,4000.0,9792.5,94,8747,0.0000
PureGossip,50,dual,4,4000.0,9792.5,94,8732,0.0000
PureCAN,50,dual,0,4000.0,6280.0,7,139631,0.0000
PureCAN,50,dual,1,4000.0,6280.0,7,139631,0.0000
PureCAN,50,dual,2,4000.0,6280.0,7,139631,0.0000
PureCAN,50,dual,3,4000.0,6280.0,7,139631,0.0000
PureCAN,50,dual,4,4000.0,6280.0,7,139631,0.0000
Hybrid,50,dual,0,4000.0,7030.0,7,8662,0.0000
Hybrid,50,dual,1,4000.0,7030.0,7,8646,0.0000
Hybrid,50,dual,2,4000.0,7030.0,7,8659,0.0000
Hybrid,50,dual,3,4000.0,7030.0,7,8660,0.0000
Hybrid,50,dual,4,4000.0,7030.0,7,8645,0.0000
PureGossip,50,cascading,0,4000.0,11777.3,138,8662,0.0000
PureGossip,50,cascading,1,4000.0,11777.3,138,8644,0.0000
PureGossip,50,cascading,2,4000.0,11777.3,138,8656,0.0000
PureGossip,50,cascading,3,4000.0,11777.3,138,8660,0.0000
PureGossip,50,cascading,4,4000.0,11777.3,138,8642,0.0000
PureCAN,50,cascading,0,4000.0,8290.0,10,136628,0.0000
PureCAN,50,cascading,1,4000.0,8290.0,10,136628,0.0000
PureCAN,50,cascading,2,4000.0,8290.0,10,136628,0.0000
PureCAN,50,cascading,3,4000.0,8290.0,10,136628,0.0000
PureCAN,50,cascading,4,4000.0,8290.0,10,136628,0.0000
Hybrid,50,cascading,0,4000.0,9030.0,10,8532,0.0000
Hybrid,50,cascading,1,4000.0,9030.0,10,8515,0.0000
Hybrid,50,cascading,2,4000.0,9030.0,10,8528,0.0000
Hybrid,50,cascading,3,4000.0,9030.0,10,8532,0.0000
Hybrid,50,cascading,4,4000.0,9030.0,10,8515,0.0000
PureGossip,100,single,0,4000.0,8314.7,98,17652,0.0000
PureGossip,100,single,1,4000.0,8314.7,98,17652,0.0000
PureGossip,100,single,2,4000.0,8314.7,98,17649,0.0000
PureGossip,100,single,3,4000.0,8314.7,98,17647,0.0000
PureGossip,100,single,4,4000.0,8314.7,98,17652,0.0000
PureCAN,100,single,0,3710.0,4250.0,4,581134,0.0000
PureCAN,100,single,1,3710.0,4250.0,4,581134,0.0000
PureCAN,100,single,2,3710.0,4250.0,4,581134,0.0000
PureCAN,100,single,3,3710.0,4250.0,4,581134,0.0000
PureCAN,100,single,4,3710.0,4250.0,4,581134,0.0000
Hybrid,100,single,0,4000.0,5040.0,4,17558,0.0000
Hybrid,100,single,1,4000.0,5040.0,4,17558,0.0000
Hybrid,100,single,2,4000.0,5040.0,4,17555,0.0000
Hybrid,100,single,3,4000.0,5040.0,4,17553,0.0000
Hybrid,100,single,4,4000.0,5040.0,4,17558,0.0000
PureGossip,100,dual,0,4000.0,10307.4,194,17604,0.0000
PureGossip,100,dual,1,4000.0,10307.4,194,17614,0.0000
PureGossip,100,dual,2,4000.0,10307.4,194,17605,0.0000
PureGossip,100,dual,3,4000.0,10307.4,194,17606,0.0000
PureGossip,100,dual,4,4000.0,10307.4,194,17613,0.0000
PureCAN,100,dual,0,3710.0,6260.0,8,574082,0.0000
PureCAN,100,dual,1,3710.0,6260.0,8,574082,0.0000
PureCAN,100,dual,2,3710.0,6260.0,8,574082,0.0000
PureCAN,100,dual,3,3710.0,6260.0,8,574082,0.0000
PureCAN,100,dual,4,3710.0,6260.0,8,574082,0.0000
Hybrid,100,dual,0,4000.0,7040.0,8,17415,0.0000
Hybrid,100,dual,1,4000.0,7040.0,8,17425,0.0000
Hybrid,100,dual,2,4000.0,7040.0,8,17416,0.0000
Hybrid,100,dual,3,4000.0,7040.0,8,17417,0.0000
Hybrid,100,dual,4,4000.0,7040.0,8,17424,0.0000
PureGossip,100,cascading,0,4000.0,12300.0,288,17565,0.0000
PureGossip,100,cascading,1,4000.0,12300.0,288,17577,0.0000
PureGossip,100,cascading,2,4000.0,12300.0,288,17581,0.0000
PureGossip,100,cascading,3,4000.0,12300.0,288,17569,0.0000
PureGossip,100,cascading,4,4000.0,12300.0,288,17576,0.0000
PureCAN,100,cascading,0,3710.0,8270.0,11,568070,0.0000
PureCAN,100,cascading,1,3710.0,8270.0,11,568070,0.0000
PureCAN,100,cascading,2,3710.0,8270.0,11,568070,0.0000
PureCAN,100,cascading,3,3710.0,8270.0,11,568070,0.0000
PureCAN,100,cascading,4,3710.0,8270.0,11,568070,0.0000
Hybrid,100,cascading,0,4000.0,9030.0,11,17289,0.0000
Hybrid,100,cascading,1,4000.0,9030.0,11,17301,0.0000
Hybrid,100,cascading,2,4000.0,9030.0,11,17303,0.0000
Hybrid,100,cascading,3,4000.0,9030.0,11,17292,0.0000
Hybrid,100,cascading,4,4000.0,9030.0,11,17298,0.0000
PureGossip,200,single,0,4000.0,8818.3,198,34855,0.0000
PureGossip,200,single,1,4000.0,8818.3,198,34853,0.0000
PureGossip,200,single,2,4000.0,8818.3,198,34860,0.0000
PureGossip,200,single,3,4000.0,8818.3,198,34843,0.0000
PureGossip,200,single,4,4000.0,8818.3,198,34856,0.0000
PureCAN,200,single,0,3910.0,4450.0,4,2312384,0.0000
PureCAN,200,single,1,3910.0,4450.0,4,2312384,0.0000
PureCAN,200,single,2,3910.0,4450.0,4,2312384,0.0000
PureCAN,200,single,3,3910.0,4450.0,4,2312384,0.0000
PureCAN,200,single,4,3910.0,4450.0,4,2312384,0.0000
Hybrid,200,single,0,4000.0,5040.0,4,34664,0.0000
Hybrid,200,single,1,4000.0,5040.0,4,34662,0.0000
Hybrid,200,single,2,4000.0,5040.0,4,34669,0.0000
Hybrid,200,single,3,4000.0,5040.0,4,34652,0.0000
Hybrid,200,single,4,4000.0,5040.0,4,34665,0.0000
PureGossip,200,dual,0,4000.0,10814.7,394,34918,0.0000
PureGossip,200,dual,1,4000.0,10814.7,394,34920,0.0000
PureGossip,200,dual,2,4000.0,10814.7,394,34933,0.0000
PureGossip,200,dual,3,4000.0,10814.7,394,34908,0.0000
PureGossip,200,dual,4,4000.0,10814.7,394,34916,0.0000
PureCAN,200,dual,0,3910.0,6460.0,8,2298924,0.0000
PureCAN,200,dual,1,3910.0,6460.0,8,2298924,0.0000
PureCAN,200,dual,2,3910.0,6460.0,8,2298924,0.0000
PureCAN,200,dual,3,3910.0,6460.0,8,2298924,0.0000
PureCAN,200,dual,4,3910.0,6460.0,8,2298924,0.0000
Hybrid,200,dual,0,4000.0,7040.0,8,34532,0.0000
Hybrid,200,dual,1,4000.0,7040.0,8,34534,0.0000
Hybrid,200,dual,2,4000.0,7040.0,8,34546,0.0000
Hybrid,200,dual,3,4000.0,7040.0,8,34522,0.0000
Hybrid,200,dual,4,4000.0,7040.0,8,34530,0.0000
PureGossip,200,cascading,0,4000.0,12811.0,588,34980,0.0000
PureGossip,200,cascading,1,4000.0,12811.0,588,34972,0.0000
PureGossip,200,cascading,2,4000.0,12811.0,588,34998,0.0000
PureGossip,200,cascading,3,4000.0,12811.0,588,34975,0.0000
PureGossip,200,cascading,4,4000.0,12811.0,588,34988,0.0000
PureCAN,200,cascading,0,3910.0,8470.0,12,2286120,0.0000
PureCAN,200,cascading,1,3910.0,8470.0,12,2286120,0.0000
PureCAN,200,cascading,2,3910.0,8470.0,12,2286120,0.0000
PureCAN,200,cascading,3,3910.0,8470.0,12,2286120,0.0000
PureCAN,200,cascading,4,3910.0,8470.0,12,2286120,0.0000
Hybrid,200,cascading,0,4000.0,9040.0,12,34407,0.0000
Hybrid,200,cascading,1,4000.0,9040.0,12,34399,0.0000
Hybrid,200,cascading,2,4000.0,9040.0,12,34424,0.0000
Hybrid,200,cascading,3,4000.0,9040.0,12,34401,0.0000
Hybrid,200,cascading,4,4000.0,9040.0,12,34417,0.0000
