system,node_count,seed,recovery_messages
Hybrid,10,1,4
Hybrid,10,2,4
Hybrid,10,3,4
Hybrid,10,4,4
Hybrid,10,5,4
PureGossip,10,1,8
PureGossip,10,2,8
PureGossip,10,3,8
PureGossip,10,4,8
PureGossip,10,5,8
PureCAN,10,1,4
PureCAN,10,2,4
PureCAN,10,3,4
PureCAN,10,4,4
PureCAN,10,5,4
Hybrid,20,1,3
Hybrid,20,2,3
Hybrid,20,3,3
Hybrid,20,4,3
Hybrid,20,5,3
PureGossip,20,1,18
PureGossip,20,2,18
PureGossip,20,3,18
PureGossip,20,4,18
PureGossip,20,5,18
PureCAN,20,1,3
PureCAN,20,2,3
PureCAN,20,3,3
PureCAN,20,4,3
PureCAN,20,5,3
Hybrid,30,1,3
Hybrid,30,2,3
Hybrid,30,3,3
Hybrid,30,4,3
Hybrid,30,5,3
PureGossip,30,1,28
PureGossip,30,2,28
PureGossip,30,3,28
PureGossip,30,4,28
PureGossip,30,5,28
PureCAN,30,1,3
PureCAN,30,2,3
PureCAN,30,3,3
PureCAN,30,4,3
PureCAN,30,5,3
Hybrid,40,1,4
Hybrid,40,2,4
Hybrid,40,3,4
Hybrid,40,4,4
Hybrid,40,5,4
PureGossip,40,1,38
PureGossip,40,2,38
PureGossip,40,3,38
PureGossip,40,4,38
PureGossip,40,5,38
PureCAN,40,1,4
PureCAN,40,2,4
PureCAN,40,3,4
PureCAN,40,4,4
PureCAN,40,5,4
Hybrid,50,1,4
Hybrid,50,2,4
Hybrid,50,3,4
Hybrid,50,4,4
Hybrid,50,5,4
PureGossip,50,1,48
PureGossip,50,2,48
PureGossip,50,3,48
PureGossip,50,4,48
PureGossip,50,5,48
PureCAN,50,1,4
PureCAN,50,2,4
PureCAN,50,3,4
PureCAN,50,4,4
PureCAN,50,5,4
Hybrid,75,1,4
Hybrid,75,2,4
Hybrid,75,3,4
Hybrid,75,4,4
Hybrid,75,5,4
PureGossip,75,1,73
PureGossip,75,2,73
PureGossip,75,3,73
PureGossip,75,4,73
PureGossip,75,5,73
PureCAN,75,1,4
PureCAN,75,2,4
PureCAN,75,3,4
PureCAN,75,4,4
PureCAN,75,5,4
Hybrid,100,1,4
Hybrid,100,2,4
Hybrid,100,3,4
Hybrid,100,4,4
Hybrid,100,5,4
PureGossip,100,1,98
PureGossip,100,2,98
PureGossip,100,3,98
PureGossip,100,4,98
PureGossip,100,5,98
PureCAN,100,1,4
PureCAN,100,2,4
PureCAN,100,3,4
PureCAN,100,4,4
PureCAN,100,5,4
Hybrid,150,1,4
Hybrid,150,2,4
Hybrid,150,3,4
Hybrid,150,4,4
Hybrid,150,5,4
PureGossip,150,1,148
PureGossip,150,2,148
PureGossip,150,3,148
PureGossip,150,4,148
PureGossip,150,5,148
PureCAN,150,1,4
PureCAN,150,2,4
PureCAN,150,3,4
PureCAN,150,4,4
PureCAN,150,5,4
Hybrid,200,1,4
Hybrid,200,2,4
Hybrid,200,3,4
Hybrid,200,4,4
Hybrid,200,5,4
PureGossip,200,1,198
PureGossip,200,2,198
PureGossip,200,3,198
PureGossip,200,4,198
PureGossip,200,5,198
PureCAN,200,1,4
PureCAN,200,2,4
PureCAN,200,3,4
PureCAN,200,4,4
PureCAN,200,5,4
Hybrid,250,1,4
Hybrid,250,2,4
Hybrid,250,3,4
Hybrid,250,4,4
Hybrid,250,5,4
PureGossip,250,1,248
PureGossip,250,2,248
PureGossip,250,3,248
PureGossip,250,4,248
PureGossip,250,5,248
PureCAN,250,1,4
PureCAN,250,2,4
PureCAN,250,3,4
PureCAN,250,4,4
PureCAN,250,5,4
Hybrid,300,1,4
Hybrid,300,2,4
Hybrid,300,3,4
Hybrid,300,4,4
Hybrid,300,5,4
PureGossip,300,1,298
PureGossip,300,2,298
PureGossip,300,3,298
PureGossip,300,4,298
PureGossip,300,5,298
PureCAN,300,1,4
PureCAN,300,2,4
PureCAN,300,3,4
PureCAN,300,4,4
PureCAN,300,5,4
