gossip_interval_ms,seed,detection_latency_ms,total_messages,false_positive_rate
100,1,-7000.0,87280,0.019802
100,2,1000.0,87290,0.010000
100,3,-5000.0,87290,0.029412
100,4,-6000.0,87284,0.029412
100,5,-4000.0,87282,0.066038
250,1,2000.0,34989,0.000000
250,2,2000.0,34983,0.000000
250,3,2000.0,34988,0.000000
250,4,2000.0,34987,0.000000
250,5,2000.0,34991,0.000000
500,1,4000.0,17558,0.000000
500,2,4000.0,17555,0.000000
500,3,4000.0,17553,0.000000
500,4,4000.0,17558,0.000000
500,5,4000.0,17558,0.000000
1000,1,8000.0,12406,0.000000
1000,2,8000.0,12409,0.000000
1000,3,8000.0,12415,0.000000
1000,4,8000.0,12415,0.000000
1000,5,8000.0,12410,0.000000
2000,1,15000.0,10985,0.000000
2000,2,15000.0,10981,0.000000
2000,3,15000.0,10984,0.000000
2000,4,15000.0,10987,0.000000
2000,5,15000.0,10980,0.000000
