fanout,seed,detection_latency_ms,recovery_messages,total_messages,false_positive_rate
1,1,-5000.0,4,5854,0.906931
1,2,-5000.0,4,5853,0.914260
1,3,-5000.0,8,5820,0.921888
1,4,-5000.0,10,5807,0.925758
1,5,-5000.0,7,5807,0.937748
2,1,4000.0,4,11709,0.000000
2,2,4000.0,4,11704,0.000000
2,3,4000.0,4,11705,0.000000
2,4,4000.0,4,11707,0.010000
2,5,4000.0,4,11705,0.000000
3,1,4000.0,4,17558,0.000000
3,2,4000.0,4,17555,0.000000
3,3,4000.0,4,17553,0.000000
3,4,4000.0,4,17558,0.000000
3,5,4000.0,4,17558,0.000000
4,1,4000.0,4,23412,0.000000
4,2,4000.0,4,23404,0.000000
4,3,4000.0,4,23403,0.000000
4,4,4000.0,4,23408,0.000000
4,5,4000.0,4,23410,0.000000
5,1,4000.0,4,29269,0.000000
5,2,4000.0,4,29253,0.000000
5,3,4000.0,4,29255,0.000000
5,4,4000.0,4,29261,0.000000
5,5,4000.0,4,29261,0.000000
6,1,4000.0,4,35120,0.000000
6,2,4000.0,4,35107,0.000000
6,3,4000.0,4,35109,0.000000
6,4,4000.0,4,35116,0.000000
6,5,4000.0,4,35113,0.000000
