fail_timeout_ms,seed,detection_latency_ms,false_positive_rate,recovery_messages
1000,1,-8000.0,0.997257,335
1000,2,-8000.0,0.997766,325
1000,3,-8000.0,0.998273,342
1000,4,-8000.0,0.998984,321
1000,5,-8000.0,0.998071,323
2000,1,-3000.0,0.153846,4
2000,2,-7000.0,0.238462,4
2000,3,-7000.0,0.175000,4
2000,4,-7000.0,0.346667,4
2000,5,-1000.0,0.266667,4
3000,1,3000.0,0.000000,4
3000,2,3000.0,0.000000,4
3000,3,3000.0,0.000000,4
3000,4,3000.0,0.000000,4
3000,5,3000.0,0.000000,4
4000,1,4000.0,0.000000,4
4000,2,4000.0,0.000000,4
4000,3,4000.0,0.000000,4
4000,4,4000.0,0.000000,4
4000,5,4000.0,0.000000,4
5000,1,5000.0,0.000000,4
5000,2,5000.0,0.000000,4
5000,3,5000.0,0.000000,4
5000,4,5000.0,0.000000,4
5000,5,5000.0,0.000000,4
6000,1,6000.0,0.000000,4
6000,2,6000.0,0.000000,4
6000,3,6000.0,0.000000,4
6000,4,6000.0,0.000000,4
6000,5,6000.0,0.000000,4
8000,1,8000.0,0.000000,4
8000,2,8000.0,0.000000,4
8000,3,8000.0,0.000000,4
8000,4,8000.0,0.000000,4
8000,5,8000.0,0.000000,4
